serial,img_url
88872671,https://tmcms-docs.uspto.gov/cases/88872671/mark/large.png
98005404,https://tmcms-docs.uspto.gov/cases/98005404/mark/large.png
88831783,https://tmcms-docs.uspto.gov/cases/88831783/mark/large.png
90731895,https://tmcms-docs.uspto.gov/cases/90731895/mark/large.png
90492296,https://tmcms-docs.uspto.gov/cases/90492296/mark/large.png
90518972,https://tmcms-docs.uspto.gov/cases/90518972/mark/large.png
97406104,https://tmcms-docs.uspto.gov/cases/97406104/mark/large.png
97406121,https://tmcms-docs.uspto.gov/cases/97406121/mark/large.png
88981752,https://tmcms-docs.uspto.gov/cases/88981752/mark/large.png
88943842,https://tmcms-docs.uspto.gov/cases/88943842/mark/large.png
98200554,https://tmcms-docs.uspto.gov/cases/98200554/mark/large.png
98268198,https://tmcms-docs.uspto.gov/cases/98268198/mark/large.png
74612653,https://tmcms-docs.uspto.gov/cases/74612653/mark/large.png
75000070,https://tmcms-docs.uspto.gov/cases/75000070/mark/large.png
75883317,
75975988,https://tmcms-docs.uspto.gov/cases/75975988/mark/large.png
97637155,https://tmcms-docs.uspto.gov/cases/97637155/mark/large.png
97568860,https://tmcms-docs.uspto.gov/cases/97568860/mark/large.png
88678450,https://tmcms-docs.uspto.gov/cases/88678450/mark/large.png
74333272,
77753704,https://tmcms-docs.uspto.gov/cases/77753704/mark/large.png
97916025,https://tmcms-docs.uspto.gov/cases/97916025/mark/large.png
97096366,https://tmcms-docs.uspto.gov/cases/97096366/mark/large.png
97096952,https://tmcms-docs.uspto.gov/cases/97096952/mark/large.png
97133047,https://tmcms-docs.uspto.gov/cases/97133047/mark/large.png
90086076,https://tmcms-docs.uspto.gov/cases/90086076/mark/large.png
78411705,https://tmcms-docs.uspto.gov/cases/78411705/mark/large.png
78528588,https://tmcms-docs.uspto.gov/cases/78528588/mark/large.png
78613193,https://tmcms-docs.uspto.gov/cases/78613193/mark/large.png
77526152,https://tmcms-docs.uspto.gov/cases/77526152/mark/large.png
77334684,https://tmcms-docs.uspto.gov/cases/77334684/mark/large.png
77355551,https://tmcms-docs.uspto.gov/cases/77355551/mark/large.png
78801040,https://tmcms-docs.uspto.gov/cases/78801040/mark/large.png
85648215,https://tmcms-docs.uspto.gov/cases/85648215/mark/large.png
78856997,https://tmcms-docs.uspto.gov/cases/78856997/mark/large.png
85235609,https://tmcms-docs.uspto.gov/cases/85235609/mark/large.png
85946887,https://tmcms-docs.uspto.gov/cases/85946887/mark/large.png
77055375,https://tmcms-docs.uspto.gov/cases/77055375/mark/large.png
85269004,https://tmcms-docs.uspto.gov/cases/85269004/mark/large.png
86263477,https://tmcms-docs.uspto.gov/cases/86263477/mark/large.png
73302503,https://tmcms-docs.uspto.gov/cases/73302503/mark/large.png
99231612,https://tmcms-docs.uspto.gov/cases/99231612/mark/large.png
90670895,https://tmcms-docs.uspto.gov/cases/90670895/mark/large.png
90881775,https://tmcms-docs.uspto.gov/cases/90881775/mark/large.png
86172388,https://tmcms-docs.uspto.gov/cases/86172388/mark/large.png
98945728,https://tmcms-docs.uspto.gov/cases/98945728/mark/large.png
99031771,https://tmcms-docs.uspto.gov/cases/99031771/mark/large.png
99128736,https://tmcms-docs.uspto.gov/cases/99128736/mark/large.png
98127148,https://tmcms-docs.uspto.gov/cases/98127148/mark/large.png
88781464,https://tmcms-docs.uspto.gov/cases/88781464/mark/large.png
78222467,https://tmcms-docs.uspto.gov/cases/78222467/mark/large.png
98797467,https://tmcms-docs.uspto.gov/cases/98797467/mark/large.png
87111608,https://tmcms-docs.uspto.gov/cases/87111608/mark/large.png
79376276,https://tmcms-docs.uspto.gov/cases/79376276/mark/large.png
98571679,https://tmcms-docs.uspto.gov/cases/98571679/mark/large.png
72034404,
98573520,https://tmcms-docs.uspto.gov/cases/98573520/mark/large.png
99063302,https://tmcms-docs.uspto.gov/cases/99063302/mark/large.png
98571649,https://tmcms-docs.uspto.gov/cases/98571649/mark/large.png
73166262,
74384106,
72423249,
87207837,https://tmcms-docs.uspto.gov/cases/87207837/mark/large.png
98957869,https://tmcms-docs.uspto.gov/cases/98957869/mark/large.png
97407277,https://tmcms-docs.uspto.gov/cases/97407277/mark/large.png
97434458,https://tmcms-docs.uspto.gov/cases/97434458/mark/large.png
77443332,https://tmcms-docs.uspto.gov/cases/77443332/mark/large.png
73200031,https://tmcms-docs.uspto.gov/cases/73200031/mark/large.png
73202346,
97717183,https://tmcms-docs.uspto.gov/cases/97717183/mark/large.png
74386739,https://tmcms-docs.uspto.gov/cases/74386739/mark/large.png
73302504,
97117791,https://tmcms-docs.uspto.gov/cases/97117791/mark/large.png
97235541,https://tmcms-docs.uspto.gov/cases/97235541/mark/large.png
97425629,https://tmcms-docs.uspto.gov/cases/97425629/mark/large.png
72414177,https://tmcms-docs.uspto.gov/cases/72414177/mark/large.png
97320695,https://tmcms-docs.uspto.gov/cases/97320695/mark/large.png
97044858,https://tmcms-docs.uspto.gov/cases/97044858/mark/large.png
74398767,
97460127,https://tmcms-docs.uspto.gov/cases/97460127/mark/large.png
73200253,
88270486,https://tmcms-docs.uspto.gov/cases/88270486/mark/large.png
75975826,https://tmcms-docs.uspto.gov/cases/75975826/mark/large.png
98453852,https://tmcms-docs.uspto.gov/cases/98453852/mark/large.png
90442460,https://tmcms-docs.uspto.gov/cases/90442460/mark/large.png
97320696,https://tmcms-docs.uspto.gov/cases/97320696/mark/large.png
97320697,https://tmcms-docs.uspto.gov/cases/97320697/mark/large.png
73308697,
79302614,https://tmcms-docs.uspto.gov/cases/79302614/mark/large.png
97569822,https://tmcms-docs.uspto.gov/cases/97569822/mark/large.png
88747392,https://tmcms-docs.uspto.gov/cases/88747392/mark/large.png
73172398,
72414176,
90628243,https://tmcms-docs.uspto.gov/cases/90628243/mark/large.png
98877114,https://tmcms-docs.uspto.gov/cases/98877114/mark/large.png
98877916,https://tmcms-docs.uspto.gov/cases/98877916/mark/large.png
73622198,
77703705,https://tmcms-docs.uspto.gov/cases/77703705/mark/large.png
88676035,https://tmcms-docs.uspto.gov/cases/88676035/mark/large.png
85669743,https://tmcms-docs.uspto.gov/cases/85669743/mark/large.png
73361065,https://tmcms-docs.uspto.gov/cases/73361065/mark/large.png
73714272,
74132298,
73190217,
73728115,https://tmcms-docs.uspto.gov/cases/73728115/mark/large.png
73799044,https://tmcms-docs.uspto.gov/cases/73799044/mark/large.png
73361067,
73536336,
74000758,https://tmcms-docs.uspto.gov/cases/74000758/mark/large.png
74291743,https://tmcms-docs.uspto.gov/cases/74291743/mark/large.png
73302507,https://tmcms-docs.uspto.gov/cases/73302507/mark/large.png
99071045,https://tmcms-docs.uspto.gov/cases/99071045/mark/large.png
99052953,https://tmcms-docs.uspto.gov/cases/99052953/mark/large.png
75352837,
99162016,https://tmcms-docs.uspto.gov/cases/99162016/mark/large.png
77146617,https://tmcms-docs.uspto.gov/cases/77146617/mark/large.png
76046522,https://tmcms-docs.uspto.gov/cases/76046522/mark/large.png
76054963,
88664376,https://tmcms-docs.uspto.gov/cases/88664376/mark/large.png
88780469,https://tmcms-docs.uspto.gov/cases/88780469/mark/large.png
88824186,https://tmcms-docs.uspto.gov/cases/88824186/mark/large.png
97029359,https://tmcms-docs.uspto.gov/cases/97029359/mark/large.png
97509553,https://tmcms-docs.uspto.gov/cases/97509553/mark/large.png
90059816,https://tmcms-docs.uspto.gov/cases/90059816/mark/large.png
97133113,https://tmcms-docs.uspto.gov/cases/97133113/mark/large.png
90086080,https://tmcms-docs.uspto.gov/cases/90086080/mark/large.png
97056361,https://tmcms-docs.uspto.gov/cases/97056361/mark/large.png
97430689,https://tmcms-docs.uspto.gov/cases/97430689/mark/large.png
98046616,https://tmcms-docs.uspto.gov/cases/98046616/mark/large.png
98030039,https://tmcms-docs.uspto.gov/cases/98030039/mark/large.png
74624334,
75000071,https://tmcms-docs.uspto.gov/cases/75000071/mark/large.png
75977266,
75981262,https://tmcms-docs.uspto.gov/cases/75981262/mark/large.png
98493332,https://tmcms-docs.uspto.gov/cases/98493332/mark/large.png
73368773,https://tmcms-docs.uspto.gov/cases/73368773/mark/large.png
73302505,
73302506,https://tmcms-docs.uspto.gov/cases/73302506/mark/large.png
97599049,https://tmcms-docs.uspto.gov/cases/97599049/mark/large.png
97627592,https://tmcms-docs.uspto.gov/cases/97627592/mark/large.png
73391596,
85012185,https://tmcms-docs.uspto.gov/cases/85012185/mark/large.png
85585515,https://tmcms-docs.uspto.gov/cases/85585515/mark/large.png
74080186,
78528705,https://tmcms-docs.uspto.gov/cases/78528705/mark/large.png
87772337,https://tmcms-docs.uspto.gov/cases/87772337/mark/large.png
88136152,https://tmcms-docs.uspto.gov/cases/88136152/mark/large.png
73304275,https://tmcms-docs.uspto.gov/cases/73304275/mark/large.png
90585573,https://tmcms-docs.uspto.gov/cases/90585573/mark/large.png
86048388,https://tmcms-docs.uspto.gov/cases/86048388/mark/large.png
73361065,https://tmcms-docs.uspto.gov/cases/73361065/mark/large.png
73714272,
74132298,
73190217,
73728115,https://tmcms-docs.uspto.gov/cases/73728115/mark/large.png
73799044,https://tmcms-docs.uspto.gov/cases/73799044/mark/large.png
73361067,
73536336,
74000758,https://tmcms-docs.uspto.gov/cases/74000758/mark/large.png
74291743,https://tmcms-docs.uspto.gov/cases/74291743/mark/large.png
73302507,https://tmcms-docs.uspto.gov/cases/73302507/mark/large.png
99071045,https://tmcms-docs.uspto.gov/cases/99071045/mark/large.png
99052953,https://tmcms-docs.uspto.gov/cases/99052953/mark/large.png
75352837,
99162016,https://tmcms-docs.uspto.gov/cases/99162016/mark/large.png
77146617,https://tmcms-docs.uspto.gov/cases/77146617/mark/large.png
76046522,https://tmcms-docs.uspto.gov/cases/76046522/mark/large.png
76054963,
88664376,https://tmcms-docs.uspto.gov/cases/88664376/mark/large.png
88780469,https://tmcms-docs.uspto.gov/cases/88780469/mark/large.png
88824186,https://tmcms-docs.uspto.gov/cases/88824186/mark/large.png
97029359,https://tmcms-docs.uspto.gov/cases/97029359/mark/large.png
97509553,https://tmcms-docs.uspto.gov/cases/97509553/mark/large.png
90059816,https://tmcms-docs.uspto.gov/cases/90059816/mark/large.png
97133113,https://tmcms-docs.uspto.gov/cases/97133113/mark/large.png
90086080,https://tmcms-docs.uspto.gov/cases/90086080/mark/large.png
97056361,https://tmcms-docs.uspto.gov/cases/97056361/mark/large.png
97430689,https://tmcms-docs.uspto.gov/cases/97430689/mark/large.png
98046616,https://tmcms-docs.uspto.gov/cases/98046616/mark/large.png
98030039,https://tmcms-docs.uspto.gov/cases/98030039/mark/large.png
74624334,
75000071,https://tmcms-docs.uspto.gov/cases/75000071/mark/large.png
75977266,
75981262,https://tmcms-docs.uspto.gov/cases/75981262/mark/large.png
98493332,https://tmcms-docs.uspto.gov/cases/98493332/mark/large.png
73368773,https://tmcms-docs.uspto.gov/cases/73368773/mark/large.png
73302505,
73302506,https://tmcms-docs.uspto.gov/cases/73302506/mark/large.png
97599049,https://tmcms-docs.uspto.gov/cases/97599049/mark/large.png
97627592,https://tmcms-docs.uspto.gov/cases/97627592/mark/large.png
73391596,
85012185,https://tmcms-docs.uspto.gov/cases/85012185/mark/large.png
85585515,https://tmcms-docs.uspto.gov/cases/85585515/mark/large.png
74080186,
78528705,https://tmcms-docs.uspto.gov/cases/78528705/mark/large.png
87772337,https://tmcms-docs.uspto.gov/cases/87772337/mark/large.png
88136152,https://tmcms-docs.uspto.gov/cases/88136152/mark/large.png
73304275,https://tmcms-docs.uspto.gov/cases/73304275/mark/large.png
90585573,https://tmcms-docs.uspto.gov/cases/90585573/mark/large.png
86048388,https://tmcms-docs.uspto.gov/cases/86048388/mark/large.png
90670898,https://tmcms-docs.uspto.gov/cases/90670898/mark/large.png
97029346,https://tmcms-docs.uspto.gov/cases/97029346/mark/large.png
97110898,https://tmcms-docs.uspto.gov/cases/97110898/mark/large.png
97242451,https://tmcms-docs.uspto.gov/cases/97242451/mark/large.png
77443326,https://tmcms-docs.uspto.gov/cases/77443326/mark/large.png
77621442,https://tmcms-docs.uspto.gov/cases/77621442/mark/large.png
77670565,https://tmcms-docs.uspto.gov/cases/77670565/mark/large.png
97095855,https://tmcms-docs.uspto.gov/cases/97095855/mark/large.png
98126864,https://tmcms-docs.uspto.gov/cases/98126864/mark/large.png
90383781,https://tmcms-docs.uspto.gov/cases/90383781/mark/large.png
88926390,https://tmcms-docs.uspto.gov/cases/88926390/mark/large.png
88981748,https://tmcms-docs.uspto.gov/cases/88981748/mark/large.png
98655054,https://tmcms-docs.uspto.gov/cases/98655054/mark/large.png
98786392,https://tmcms-docs.uspto.gov/cases/98786392/mark/large.png
88876918,https://tmcms-docs.uspto.gov/cases/88876918/mark/large.png
87254450,https://tmcms-docs.uspto.gov/cases/87254450/mark/large.png
87295792,https://tmcms-docs.uspto.gov/cases/87295792/mark/large.png
77276692,https://tmcms-docs.uspto.gov/cases/77276692/mark/large.png
86691625,https://tmcms-docs.uspto.gov/cases/86691625/mark/large.png
87712535,https://tmcms-docs.uspto.gov/cases/87712535/mark/large.png
87725279,https://tmcms-docs.uspto.gov/cases/87725279/mark/large.png
88170627,https://tmcms-docs.uspto.gov/cases/88170627/mark/large.png
75883316,
75976088,https://tmcms-docs.uspto.gov/cases/75976088/mark/large.png
74605804,https://tmcms-docs.uspto.gov/cases/74605804/mark/large.png
74800882,
77906252,https://tmcms-docs.uspto.gov/cases/77906252/mark/large.png
85795981,https://tmcms-docs.uspto.gov/cases/85795981/mark/large.png
85977345,https://tmcms-docs.uspto.gov/cases/85977345/mark/large.png
85012218,https://tmcms-docs.uspto.gov/cases/85012218/mark/large.png
75161020,https://tmcms-docs.uspto.gov/cases/75161020/mark/large.png
86444421,https://tmcms-docs.uspto.gov/cases/86444421/mark/large.png
78248500,
78261504,
78343842,https://tmcms-docs.uspto.gov/cases/78343842/mark/large.png
97133023,https://tmcms-docs.uspto.gov/cases/97133023/mark/large.png
87980310,https://tmcms-docs.uspto.gov/cases/87980310/mark/large.png
87981770,https://tmcms-docs.uspto.gov/cases/87981770/mark/large.png
88352222,https://tmcms-docs.uspto.gov/cases/88352222/mark/large.png
88503685,https://tmcms-docs.uspto.gov/cases/88503685/mark/large.png
98640004,https://tmcms-docs.uspto.gov/cases/98640004/mark/large.png
99215134,https://tmcms-docs.uspto.gov/cases/99215134/mark/large.png
97609115,https://tmcms-docs.uspto.gov/cases/97609115/mark/large.png
75918603,
98774074,https://tmcms-docs.uspto.gov/cases/98774074/mark/large.png
99271384,https://tmcms-docs.uspto.gov/cases/99271384/mark/large.png
98811847,https://tmcms-docs.uspto.gov/cases/98811847/mark/large.png
98522043,https://tmcms-docs.uspto.gov/cases/98522043/mark/large.png
77877978,https://tmcms-docs.uspto.gov/cases/77877978/mark/large.png
77513423,https://tmcms-docs.uspto.gov/cases/77513423/mark/large.png
98774122,https://tmcms-docs.uspto.gov/cases/98774122/mark/large.png
98774125,https://tmcms-docs.uspto.gov/cases/98774125/mark/large.png
98931195,https://tmcms-docs.uspto.gov/cases/98931195/mark/large.png
98786393,https://tmcms-docs.uspto.gov/cases/98786393/mark/large.png
98328362,https://tmcms-docs.uspto.gov/cases/98328362/mark/large.png
74080120,
98576430,https://tmcms-docs.uspto.gov/cases/98576430/mark/large.png
98786387,https://tmcms-docs.uspto.gov/cases/98786387/mark/large.png
98786390,https://tmcms-docs.uspto.gov/cases/98786390/mark/large.png
98030018,https://tmcms-docs.uspto.gov/cases/98030018/mark/large.png
98223764,https://tmcms-docs.uspto.gov/cases/98223764/mark/large.png
97671397,https://tmcms-docs.uspto.gov/cases/97671397/mark/large.png
97677164,https://tmcms-docs.uspto.gov/cases/97677164/mark/large.png
73304174,https://tmcms-docs.uspto.gov/cases/73304174/mark/large.png
90731875,https://tmcms-docs.uspto.gov/cases/90731875/mark/large.png
97509555,https://tmcms-docs.uspto.gov/cases/97509555/mark/large.png
97021416,https://tmcms-docs.uspto.gov/cases/97021416/mark/large.png
97029357,https://tmcms-docs.uspto.gov/cases/97029357/mark/large.png
97096945,https://tmcms-docs.uspto.gov/cases/97096945/mark/large.png
90376638,https://tmcms-docs.uspto.gov/cases/90376638/mark/large.png
90381165,https://tmcms-docs.uspto.gov/cases/90381165/mark/large.png
90085898,https://tmcms-docs.uspto.gov/cases/90085898/mark/large.png
74605806,
76266328,
75977720,
77090913,https://tmcms-docs.uspto.gov/cases/77090913/mark/large.png
77055366,https://tmcms-docs.uspto.gov/cases/77055366/mark/large.png
77218391,https://tmcms-docs.uspto.gov/cases/77218391/mark/large.png
77621602,https://tmcms-docs.uspto.gov/cases/77621602/mark/large.png
77621665,https://tmcms-docs.uspto.gov/cases/77621665/mark/large.png
74612654,
74612655,https://tmcms-docs.uspto.gov/cases/74612655/mark/large.png
75034390,https://tmcms-docs.uspto.gov/cases/75034390/mark/large.png
78719454,https://tmcms-docs.uspto.gov/cases/78719454/mark/large.png
85012219,https://tmcms-docs.uspto.gov/cases/85012219/mark/large.png
87083024,https://tmcms-docs.uspto.gov/cases/87083024/mark/large.png
87663275,https://tmcms-docs.uspto.gov/cases/87663275/mark/large.png
87797553,https://tmcms-docs.uspto.gov/cases/87797553/mark/large.png
86762618,https://tmcms-docs.uspto.gov/cases/86762618/mark/large.png
87575572,https://tmcms-docs.uspto.gov/cases/87575572/mark/large.png
98618461,https://tmcms-docs.uspto.gov/cases/98618461/mark/large.png
88274502,https://tmcms-docs.uspto.gov/cases/88274502/mark/large.png
86263472,https://tmcms-docs.uspto.gov/cases/86263472/mark/large.png
87295796,https://tmcms-docs.uspto.gov/cases/87295796/mark/large.png
88107726,https://tmcms-docs.uspto.gov/cases/88107726/mark/large.png
88238540,https://tmcms-docs.uspto.gov/cases/88238540/mark/large.png
88255119,https://tmcms-docs.uspto.gov/cases/88255119/mark/large.png
97096950,https://tmcms-docs.uspto.gov/cases/97096950/mark/large.png
99231615,https://tmcms-docs.uspto.gov/cases/99231615/mark/large.png
86048476,https://tmcms-docs.uspto.gov/cases/86048476/mark/large.png
97235296,https://tmcms-docs.uspto.gov/cases/97235296/mark/large.png
97406117,https://tmcms-docs.uspto.gov/cases/97406117/mark/large.png
73361064,https://tmcms-docs.uspto.gov/cases/73361064/mark/large.png
90670890,https://tmcms-docs.uspto.gov/cases/90670890/mark/large.png
75028000,https://tmcms-docs.uspto.gov/cases/75028000/mark/large.png
77621641,https://tmcms-docs.uspto.gov/cases/77621641/mark/large.png
77705588,https://tmcms-docs.uspto.gov/cases/77705588/mark/large.png
73829171,
75423989,https://tmcms-docs.uspto.gov/cases/75423989/mark/large.png
97095944,https://tmcms-docs.uspto.gov/cases/97095944/mark/large.png
97096236,https://tmcms-docs.uspto.gov/cases/97096236/mark/large.png
97050169,https://tmcms-docs.uspto.gov/cases/97050169/mark/large.png
97568855,https://tmcms-docs.uspto.gov/cases/97568855/mark/large.png
88778036,https://tmcms-docs.uspto.gov/cases/88778036/mark/large.png
88780457,https://tmcms-docs.uspto.gov/cases/88780457/mark/large.png
88781470,https://tmcms-docs.uspto.gov/cases/88781470/mark/large.png
97509558,https://tmcms-docs.uspto.gov/cases/97509558/mark/large.png
98786391,https://tmcms-docs.uspto.gov/cases/98786391/mark/large.png
98075502,https://tmcms-docs.uspto.gov/cases/98075502/mark/large.png
98015607,https://tmcms-docs.uspto.gov/cases/98015607/mark/large.png
98029846,https://tmcms-docs.uspto.gov/cases/98029846/mark/large.png
98030154,https://tmcms-docs.uspto.gov/cases/98030154/mark/large.png
98127411,https://tmcms-docs.uspto.gov/cases/98127411/mark/large.png
98128494,https://tmcms-docs.uspto.gov/cases/98128494/mark/large.png
88890812,https://tmcms-docs.uspto.gov/cases/88890812/mark/large.png
88984658,https://tmcms-docs.uspto.gov/cases/88984658/mark/large.png
88946270,https://tmcms-docs.uspto.gov/cases/88946270/mark/large.png
88976602,https://tmcms-docs.uspto.gov/cases/88976602/mark/large.png
90118325,https://tmcms-docs.uspto.gov/cases/90118325/mark/large.png
77055385,https://tmcms-docs.uspto.gov/cases/77055385/mark/large.png
77055394,https://tmcms-docs.uspto.gov/cases/77055394/mark/large.png
77779966,https://tmcms-docs.uspto.gov/cases/77779966/mark/large.png
75978002,https://tmcms-docs.uspto.gov/cases/75978002/mark/large.png
74588146,
74605805,https://tmcms-docs.uspto.gov/cases/74605805/mark/large.png
88671212,https://tmcms-docs.uspto.gov/cases/88671212/mark/large.png
88676329,https://tmcms-docs.uspto.gov/cases/88676329/mark/large.png
77877978,https://tmcms-docs.uspto.gov/cases/77877978/mark/large.png
97677155,https://tmcms-docs.uspto.gov/cases/97677155/mark/large.png
97677156,https://tmcms-docs.uspto.gov/cases/97677156/mark/large.png
77513423,https://tmcms-docs.uspto.gov/cases/77513423/mark/large.png
98774127,https://tmcms-docs.uspto.gov/cases/98774127/mark/large.png
85215162,https://tmcms-docs.uspto.gov/cases/85215162/mark/large.png
85980359,https://tmcms-docs.uspto.gov/cases/85980359/mark/large.png
86767465,https://tmcms-docs.uspto.gov/cases/86767465/mark/large.png
78528586,https://tmcms-docs.uspto.gov/cases/78528586/mark/large.png
86315323,https://tmcms-docs.uspto.gov/cases/86315323/mark/large.png
97262944,https://tmcms-docs.uspto.gov/cases/97262944/mark/large.png
99204259,https://tmcms-docs.uspto.gov/cases/99204259/mark/large.png
88212966,https://tmcms-docs.uspto.gov/cases/88212966/mark/large.png
